Modelo,Silhouette,Calinski-Harabasz,Davies-Bouldin
KMeans,0.17204686595456833,14009.411353175523,1.677953951863345
MiniBatchKMeans,0.12597435870647217,9956.420240030582,2.2329381075183643
GaussianMixture,0.10435233988331359,10035.858717229847,1.9504080413018805
